id,name,profile_id,birthdate,picture_id,nfl_URL_name
1,James Robinson,2564223,8/9/1998,lxzbao36eeratekmnxeb,james-robinson-3
2,Blake Jarwin,2559193,7/16/1994,co9fb8mszjci8nglgn5w,blake-jarwin
3,Hayden Hurst,2560747,8/24/1993,f47htsrzelhswkex3xbu,hayden-hurst
4,Justin Jefferson,2564556,1/16/1999,gg5xe0rhtoxmpnpfnudr,justin-jefferson
5,Henry Ruggs,2564433,1/24/1999,jl2jofh8zagx73ohgjls,henry-ruggs-III
6,Jerry Jeudy,2563896,4/24/1999,fvdnrep98wisgfokxqar,jerry-jeudy
7,Jalen Reagor,2564850,1/1/1999,pfzlwlua7rh1kf3wv8iq,jalen-reagor
8,Preston Williams,2562805,3/27/1997,abp66jqwr4j6lww3t5i6,preston-williams
9,CeeDee Lamb,2563848,4/8/1999,e8ftgnyivmkwtffd6tcr,ceedee-lamb
10,Darius Slayton,2562736,1/12/1997,dmmwezroq3otqrv4mqet,darius-slayton
11,Diontae Johnson,2562674,7/5/1996,sfjwmwa8p8hcnll6zy8p,diontae-johnson
12,Joe Burrow,2563722,12/10/1996,qjmvqdjdtrycr4zixl2v,joe-burrow
13,Anthony McFarland,2564994,3/4/1999,qjmvqdjdtrycr4zixl2v,anthony-mcfarland-2
14,Darrynton Evans,2564043,7/9/1998,tkptijzybpuvwnybhhvf,darrynton-evans
15,AJ Dillon,2593986,5/2/1998,qjmvqdjdtrycr4zixl2v,a-j-dillon
16,Antonio Gibson,2565276,6/23/1998,qjmvqdjdtrycr4zixl2v,antonio-gibson-2
17,Zack Moss,2563617,12/15/1997,qjmvqdjdtrycr4zixl2v,zack-moss
18,Ke'Shawn Vaughn,2565258,5/4/1997,qjmvqdjdtrycr4zixl2v,ke-shawn-vaughn
19,JK Dobbins,2563548,12/17/1998,qjmvqdjdtrycr4zixl2v,j-k-dobbins
20,Cam Akers,2564319,6/22/1999,zeh3myk7tc0yzp6qbudr,cam-akers
21,D'Andre Swift,2563965,1/14/1999,qjmvqdjdtrycr4zixl2v,d-andre-swift
22,Jonathan Taylor,2564148,1/19/1999,qjmvqdjdtrycr4zixl2v,jonathan-taylor
23,Clyde Edwards-Helaire,2564271,4/11/1999,qjmvqdjdtrycr4zixl2v,clyde-edwards-helaire
24,Jarrett Stidham,2562746,8/8/1996,ec1hsteep9ogjh3vn3qo,jarrett-stidham
25,Justin Herbert,2565045,3/10/1998,lrn52vly8xrfapbhw1ft,justin-herbert
26,Boston Scott,2561146,4/27/1995,fo2lggawemd9prlso3gk,boston-scott
27,Dare Ogunbowale,2559362,5/4/1994,ojb98h43rjr01qt8zmca,dare-ogunbowale
28,Damien Harris,2562281,2/11/1997,fkm1w2mp3ocice26vuk4,damien-harris
29,Darwin Thompson,2562832,2/12/1997,vc51lpxgi2oivxtydwah,darwin-thompson
30,Justice Hill,2562407,11/14/1997,dvevoqvugipv3ekspchh,justice-hill
31,James Washington,2560920,4/2/1996,yptzwstif3onpqoobsau,james-washington
32,DaeSean Hamilton,2561002,3/10/1995,thfspx6c8befeosbsj1b,daesean-hamilton
33,Tua Tagovailoa,2564499,3/2/1998,g7pv83gr6spltsd4o8hx,tua-tagovailoa
34,Ryquell Armstead,2562622,10/30/1996,wxwcezpaakgifjnqjsva,ryquell-armstead
35,Rodrigo Blankenship,2564106,1/29/1997,j2z6mdwlye2gc4zhmc3g,rodrigo-blankenship
36,Kendrick Bourne,2558914,8/4/1995,ds0gb18xysmfji01ma58,kendrick-bourne
37,Hunter Renfrow,2562712,12/21/1995,suli3bogz0uok3lqoklu,hunter-renfrow
1,Parris Campbell,2562495,7/16/1997,voqg6gkginusqppfsygw,parris-campbell
2,Devine Ozigbo,2562409,10/2/1996,vrctwm76mza2olntis7q,devine-ozigbo
3,Joshua Kelley,2565054,11/20/1997,pkqsegmcbmbjlvwfzzl2,joshua-kelley
1,Myles Gaskin,2562270,2/15/1997,lwbo5oqzvpcb5y0fufoa,myles-gaskin
2,Denzel Mims,2564802,10/10/1997,qjmvqdjdtrycr4zixl2v,denzel-mims
3,Russell Gage,2561061,1/22/1996,oh8urg1edgyaqwdg6jid,russell-gage
4,Logan Thomas,2543767,7/1/1991,rdtcovvvxsmag3er42um,logan-thomas
5,Dalton Schultz,2560866,7/1/1996,vmji0oq1dx5pbpiqmsra,dalton-schultz
1,Laviska Shenault,2564232,10/05/1998,mmx64blok0j1a5e9zhww,laviska-shenault-jr
2,Brandon Aiyuk,2565093,3/17/1998,crkz9pxkba4o1zsmiazt,brandon-aiyuk
3,Robert Tonyan,2559270,4/30/1994,z9djtrw0ncxandqumune,robert-tonyan
4,Tee Higgins,2563731,1/18/1999,xcymtg1vdkbntbzlmbrw,tee-higgins
